<?xml version="1.0" encoding="UTF-8"?>
<project-private xmlns="http://www.netbeans.org/ns/project-private/1">
    <editor-bookmarks xmlns="http://www.netbeans.org/ns/editor-bookmarks/2" lastBookmarkId="0"/>
    <open-files xmlns="http://www.netbeans.org/ns/projectui-open-files/2">
        <group>
            <file>file:/C:/Users/PC/Documents/NetBeansProjects/UAS_pbo2_kelompok7/src/Data/FGudang.java</file>
            <file>file:/C:/Users/PC/Documents/NetBeansProjects/UAS_pbo2_kelompok7/src/SESSION2/SessionIdGudang.java</file>
            <file>file:/C:/Users/PC/Documents/NetBeansProjects/UAS_pbo2_kelompok7/src/FAkses/MenuItem.java</file>
            <file>file:/C:/Users/PC/Documents/NetBeansProjects/UAS_pbo2_kelompok7/src/other/Map.java</file>
            <file>file:/C:/Users/PC/Documents/NetBeansProjects/UAS_pbo2_kelompok7/src/other/FdataDikirim.java</file>
            <file>file:/C:/Users/PC/Documents/NetBeansProjects/UAS_pbo2_kelompok7/src/other/FPengelolaanDataGudang.java</file>
            <file>file:/C:/Users/PC/Documents/NetBeansProjects/UAS_pbo2_kelompok7/src/Transaksi/Fpenjualan.java</file>
            <file>file:/C:/Users/PC/Documents/NetBeansProjects/UAS_pbo2_kelompok7/src/other/FdataDiizinkan.java</file>
            <file>file:/C:/Users/PC/Documents/NetBeansProjects/UAS_pbo2_kelompok7/src/masterdata/Laporanpusatsmi.java</file>
            <file>file:/C:/Users/PC/Documents/NetBeansProjects/UAS_pbo2_kelompok7/src/Data/FKirimTOcabang.java</file>
            <file>file:/C:/Users/PC/Documents/NetBeansProjects/UAS_pbo2_kelompok7/src/Ireport/masterdata.jrxml</file>
            <file>file:/C:/Users/PC/Documents/NetBeansProjects/UAS_pbo2_kelompok7/src/SESSION/SessionStatus2.java</file>
            <file>file:/C:/Users/PC/Documents/NetBeansProjects/UAS_pbo2_kelompok7/src/SESSION/Sessiontglterima.java</file>
            <file>file:/C:/Users/PC/Documents/NetBeansProjects/UAS_pbo2_kelompok7/src/SESSION2/SessionIdKirim.java</file>
            <file>file:/C:/Users/PC/Documents/NetBeansProjects/UAS_pbo2_kelompok7/src/Data/FAlat.java</file>
            <file>file:/C:/Users/PC/Documents/NetBeansProjects/UAS_pbo2_kelompok7/src/SESSION2/SessioniIdCabang.java</file>
            <file>file:/C:/Users/PC/Documents/NetBeansProjects/UAS_pbo2_kelompok7/src/other/FPengelolaanDataCabang.java</file>
            <file>file:/C:/Users/PC/Documents/NetBeansProjects/UAS_pbo2_kelompok7/src/Data/fuser.java</file>
            <file>file:/C:/Users/PC/Documents/NetBeansProjects/UAS_pbo2_kelompok7/src/other/FdataDiizinkantigapoint.java</file>
            <file>file:/C:/Users/PC/Documents/NetBeansProjects/UAS_pbo2_kelompok7/src/Koneksi/KoneksiDatabase.java</file>
            <file>file:/C:/Users/PC/Documents/NetBeansProjects/UAS_pbo2_kelompok7/src/FAkses/FLogin.java</file>
            <file>file:/C:/Users/PC/Documents/NetBeansProjects/UAS_pbo2_kelompok7/src/FAkses/FRegister.java</file>
            <file>file:/C:/Users/PC/Documents/NetBeansProjects/UAS_pbo2_kelompok7/src/SESSION/SessionCabang.java</file>
            <file>file:/C:/Users/PC/Documents/NetBeansProjects/UAS_pbo2_kelompok7/src/FAkses/FMenu.java</file>
            <file>file:/C:/Users/PC/Documents/NetBeansProjects/UAS_pbo2_kelompok7/src/other/FdataCabang.java</file>
            <file>file:/C:/Users/PC/Documents/NetBeansProjects/UAS_pbo2_kelompok7/src/Transaksi/Fsetorsmi.java</file>
            <file>file:/C:/Users/PC/Documents/NetBeansProjects/UAS_pbo2_kelompok7/src/SESSION/SessionStatus.java</file>
            <file>file:/C:/Users/PC/Documents/NetBeansProjects/UAS_pbo2_kelompok7/src/Data/FCabang.java</file>
            <file>file:/C:/Users/PC/Documents/NetBeansProjects/UAS_pbo2_kelompok7/src/SESSION/SessionLevel.java</file>
            <file>file:/C:/Users/PC/Documents/NetBeansProjects/UAS_pbo2_kelompok7/src/masterdata/MasterData.java</file>
            <file>file:/C:/Users/PC/Documents/NetBeansProjects/UAS_pbo2_kelompok7/src/SESSION2/SessionKodealat.java</file>
            <file>file:/C:/Users/PC/Documents/NetBeansProjects/UAS_pbo2_kelompok7/src/other/FdataGudang.java</file>
        </group>
    </open-files>
</project-private>
